alpha,CL,CD,Cm
-4.90768,0.001,0.00971,-0.10782
-3.68948,0.10001,0.00907,-0.11088
-2.45862,0.19999,0.00952,-0.11399
-1.22628,0.29999,0.01014,-0.11748
0.00868,0.4,0.01218,-0.12069
1.24744,0.5,0.01549,-0.12362
2.49118,0.59999,0.01969,-0.12643
3.74112,0.7,0.02482,-0.12882
4.99854,0.8,0.03105,-0.12989
6.26477,0.9,0.04711,-0.11431
