{"CL": 0.564735, "CD": 0.009096, "CM": -0.113706, "mach": 0.7500000000000001}
{"CL": 0.434595, "CD": 0.005705, "CM": -0.08783, "mach": 0.63}
{"CL": 0.41828, "CD": 0.005687, "CM": -0.08495, "mach": 0.6}
{"CL": 0.447033, "CD": 0.005759, "CM": -0.089956, "mach": 0.6500000000000001}
{"CL": 0.42869, "CD": 0.005692, "CM": -0.086818, "mach": 0.62}
{"CL": 0.422976, "CD": 0.005709, "CM": -0.085812, "mach": 0.61}
{"CL": 0.39748, "CD": 0.005659, "CM": -0.081206, "mach": 0.55}
{"CL": 0.381556, "CD": 0.00565, "CM": -0.078233, "mach": 0.5}
{"CL": 0.489104, "CD": 0.005982, "CM": -0.096802, "mach": 0.7000000000000001}
{"CL": 0.369597, "CD": 0.005651, "CM": -0.075917, "mach": 0.45}
{"CL": 0.440647, "CD": 0.005704, "CM": -0.088899, "mach": 0.64}
{"CL": 0.359729, "CD": 0.005663, "CM": -0.074, "mach": 0.4}
{"CL": 0.454677, "CD": 0.00575, "CM": -0.091244, "mach": 0.66}
{"CL": 0.462127, "CD": 0.005786, "CM": -0.092485, "mach": 0.67}
{"CL": 0.523331, "CD": 0.006493, "CM": -0.101949, "mach": 0.73}
{"CL": 0.513635, "CD": 0.006151, "CM": -0.100514, "mach": 0.72}
{"CL": 0.543927, "CD": 0.00703, "CM": -0.106361, "mach": 0.74}
{"CL": 0.500478, "CD": 0.006057, "CM": -0.098545, "mach": 0.71}
{"CL": 0.470186, "CD": 0.005837, "CM": -0.093827, "mach": 0.68}
{"CL": 0.345795, "CD": 0.005646, "CM": -0.07122, "mach": 0.30000000000000004}
{"CL": 0.48004, "CD": 0.005853, "CM": -0.095423, "mach": 0.6900000000000001}
{"CL": 0.519872, "CD": 0.006253, "CM": -0.101418, "mach": 0.725}
{"CL": 0.532226, "CD": 0.006673, "CM": -0.103649, "mach": 0.735}
{"CL": 0.506823, "CD": 0.0061, "CM": -0.099508, "mach": 0.715}
{"CL": 0.553885, "CD": 0.00784, "CM": -0.109489, "mach": 0.745}
{"CL": 0.575069, "CD": 0.01066, "CM": -0.118697, "mach": 0.755}
{"CL": 0.494653, "CD": 0.006018, "CM": -0.097667, "mach": 0.705}
{"CL": 0.338545, "CD": 0.005546, "CM": -0.069664, "mach": 0.2}
{"CL": 0.586016, "CD": 0.014542, "CM": -0.128846, "mach": 0.765}
{"CL": 0.580182, "CD": 0.021367, "CM": -0.143127, "mach": 0.78}
{"CL": 0.541667, "CD": 0.025069, "CM": -0.144427, "mach": 0.79}
{"CL": 0.587529, "CD": 0.016751, "CM": -0.133997, "mach": 0.77}
{"CL": 0.503565, "CD": 0.006081, "CM": -0.09901, "mach": 0.7125}
{"CL": 0.582463, "CD": 0.012571, "CM": -0.12385, "mach": 0.76}
{"CL": 0.497483, "CD": 0.006037, "CM": -0.098091, "mach": 0.7075}
{"CL": 0.510168, "CD": 0.006124, "CM": -0.100009, "mach": 0.7175}
{"CL": 0.491834, "CD": 0.006, "CM": -0.097231, "mach": 0.7025}
{"CL": 0.528634, "CD": 0.006528, "CM": -0.102881, "mach": 0.7325}
{"CL": 0.521089, "CD": 0.006388, "CM": -0.101581, "mach": 0.7275}
{"CL": 0.537614, "CD": 0.006833, "CM": -0.104842, "mach": 0.7375}
{"CL": 0.54908, "CD": 0.007373, "CM": -0.107873, "mach": 0.7425}
{"CL": 0.516051, "CD": 0.006222, "CM": -0.100873, "mach": 0.7225}
{"CL": 0.56446, "CD": 0.023302, "CM": -0.144868, "mach": 0.785}
{"CL": 0.570105, "CD": 0.009838, "CM": -0.116135, "mach": 0.7525000000000001}
{"CL": 0.558709, "CD": 0.008367, "CM": -0.111344, "mach": 0.7475}
{"CL": 0.57825, "CD": 0.011509, "CM": -0.121072, "mach": 0.7575000000000001}
{"CL": 0.4612, "CD": 0.027101, "CM": -0.133036, "mach": 0.8}
{"CL": 0.526417, "CD": 0.025708, "CM": -0.143221, "mach": 0.7925000000000001}
{"CL": 0.589787, "CD": 0.015777, "CM": -0.13212, "mach": 0.7675000000000001}
{"CL": 0.585371, "CD": 0.013571, "CM": -0.126542, "mach": 0.7625000000000001}
{"CL": 0.573366, "CD": 0.02236, "CM": -0.144294, "mach": 0.7825000000000001}
{"CL": 0.590224, "CD": 0.018059, "CM": -0.137319, "mach": 0.7725000000000001}
{"CL": 0.554081, "CD": 0.024237, "CM": -0.144957, "mach": 0.7875000000000001}
{"CL": 0.335648, "CD": 0.005449, "CM": -0.068964, "mach": 0.1}
{"CL": 0.583758, "CD": 0.020236, "CM": -0.141133, "mach": 0.7775000000000001}
{"CL": 0.356245, "CD": 0.037118, "CM": -0.120326, "mach": 0.8200000000000001}
{"CL": 0.147744, "CD": 0.04819, "CM": -0.047338, "mach": 0.8400000000000001}
{"CL": -0.066905, "CD": 0.077777, "CM": 0.040528, "mach": 0.8700000000000001}
{"CL": 0.092865, "CD": 0.119713, "CM": -0.045088, "mach": 0.9100000000000001}
{"CL": 0.090092, "CD": 0.11861, "CM": -0.044003, "mach": 0.9200000000000002}
{"CL": 0.034293, "CD": 0.056241, "CM": -0.003799, "mach": 0.8500000000000001}
{"CL": -0.035806, "CD": 0.066712, "CM": 0.024714, "mach": 0.8600000000000001}
{"CL": 0.086295, "CD": 0.116399, "CM": -0.04245, "mach": 0.9400000000000002}
{"CL": 0.087926, "CD": 0.117499, "CM": -0.043135, "mach": 0.9300000000000002}
{"CL": 0.085082, "CD": 0.115318, "CM": -0.041872, "mach": 0.9500000000000002}
{"CL": 0.084174, "CD": 0.114275, "CM": -0.041388, "mach": 0.9600000000000002}
{"CL": 0.083331, "CD": 0.113273, "CM": -0.040927, "mach": 0.9700000000000002}
{"CL": 0.082503, "CD": 0.112309, "CM": -0.040477, "mach": 0.9800000000000002}
{"CL": 0.080262, "CD": 0.10964, "CM": -0.039286, "mach": 1.0100000000000002}
{"CL": 0.081715, "CD": 0.111383, "CM": -0.040054, "mach": 0.9900000000000002}
{"CL": 0.080969, "CD": 0.110495, "CM": -0.039656, "mach": 1.0000000000000002}
{"CL": 0.079554, "CD": 0.10881, "CM": -0.038915, "mach": 1.0200000000000002}
{"CL": 0.078899, "CD": 0.108008, "CM": -0.038584, "mach": 1.0300000000000002}
{"CL": 0.07827, "CD": 0.107219, "CM": -0.038279, "mach": 1.0400000000000003}
{"CL": 0.077686, "CD": 0.106435, "CM": -0.038007, "mach": 1.0500000000000003}
{"CL": 0.077204, "CD": 0.105671, "CM": -0.037779, "mach": 1.0600000000000003}
{"CL": 0.07671, "CD": 0.104946, "CM": -0.037531, "mach": 1.0700000000000003}
{"CL": 0.076241, "CD": 0.104294, "CM": -0.037263, "mach": 1.0800000000000003}
{"CL": 0.075635, "CD": 0.103714, "CM": -0.03692, "mach": 1.0900000000000003}
{"CL": 0.074977, "CD": 0.103172, "CM": -0.036552, "mach": 1.1000000000000003}
{"CL": 0.074242, "CD": 0.102637, "CM": -0.03613, "mach": 1.1100000000000003}
{"CL": 0.073554, "CD": 0.102157, "CM": -0.035746, "mach": 1.1200000000000003}
{"CL": 0.07286, "CD": 0.101714, "CM": -0.035358, "mach": 1.1300000000000003}
{"CL": 0.07216, "CD": 0.101293, "CM": -0.034965, "mach": 1.1400000000000003}
{"CL": 0.07143, "CD": 0.100899, "CM": -0.034561, "mach": 1.1500000000000004}
{"CL": 0.070682, "CD": 0.10053, "CM": -0.034149, "mach": 1.1600000000000004}
{"CL": 0.069922, "CD": 0.100185, "CM": -0.033735, "mach": 1.1700000000000004}
{"CL": 0.069168, "CD": 0.099859, "CM": -0.033319, "mach": 1.1800000000000004}
{"CL": 0.068428, "CD": 0.099547, "CM": -0.032911, "mach": 1.1900000000000004}
{"CL": 0.067649, "CD": 0.099224, "CM": -0.032469, "mach": 1.2000000000000004}
{"CL": 0.066934, "CD": 0.09893, "CM": -0.032067, "mach": 1.2100000000000004}
{"CL": 0.066231, "CD": 0.098642, "CM": -0.031668, "mach": 1.2200000000000004}
{"CL": 0.06554, "CD": 0.09836, "CM": -0.031279, "mach": 1.2300000000000004}
{"CL": 0.064833, "CD": 0.098078, "CM": -0.030878, "mach": 1.2400000000000004}
{"CL": 0.064175, "CD": 0.097804, "CM": -0.030505, "mach": 1.2500000000000004}
{"CL": 0.062409, "CD": 0.097152, "CM": -0.029457, "mach": 1.2700000000000005}
{"CL": 0.063017, "CD": 0.097418, "CM": -0.029793, "mach": 1.2600000000000005}
{"CL": 0.061673, "CD": 0.096847, "CM": -0.029026, "mach": 1.2800000000000005}
{"CL": 0.061041, "CD": 0.096573, "CM": -0.028676, "mach": 1.2900000000000005}
{"CL": 0.06042, "CD": 0.096298, "CM": -0.028331, "mach": 1.3000000000000005}
{"CL": 0.582724, "CD": 0.018911, "CM": -0.137982, "mach": 0.775}
{"CL": 0.059749, "CD": 0.096022, "CM": -0.027963, "mach": 1.3100000000000005}
{"CL": 0.059167, "CD": 0.095748, "CM": -0.027641, "mach": 1.3200000000000005}
{"CL": 0.058585, "CD": 0.095482, "CM": -0.027333, "mach": 1.3300000000000005}
{"CL": 0.057942, "CD": 0.0952, "CM": -0.026977, "mach": 1.3400000000000005}
{"CL": 0.511859, "CD": 0.026489, "CM": -0.142238, "mach": 0.795}
{"CL": 0.057331, "CD": 0.094928, "CM": -0.026671, "mach": 1.3500000000000005}
{"CL": 0.056763, "CD": 0.094667, "CM": -0.026401, "mach": 1.3600000000000005}
{"CL": 0.055499, "CD": 0.094085, "CM": -0.025719, "mach": 1.3800000000000006}
{"CL": 0.054942, "CD": 0.093813, "CM": -0.025421, "mach": 1.3900000000000006}
{"CL": 0.056172, "CD": 0.094387,