Re2e5,,Re1e5,
Label,Y,Label,Y
,0.06128625472887768,,0.10113493064312735
,0.08751576292559898,,0.14476670870113495
,0.0812105926860025,,0.11677175283732665
,0.07087011349306431,,0.11374527112232032
,0.07566204287515765,,0.1629255989911728
,0.08827238335435061,,0.16216897856242118
